{
  "point": 0.01595356607988175,
  "lower": -0.06605397331692775,
  "upper": 0.09796110547669123,
  "interval_width": 0.16401507879361898,
  "alpha": 0.2,
  "probability_up": 0.533921343985337,
  "signal": 0,
  "residual_q": 0.08200753939680949,
  "latest_data_date": "2026-05-29",
  "backtest_cache_version": 3,
  "backtest_scope": "all_post_training_directional_probability",
  "backtest_train_window": 260,
  "probability_threshold": 0.6
}