{
  "point": 0.0207668348628755,
  "lower": -0.06124070453393399,
  "upper": 0.102774374259685,
  "interval_width": 0.16401507879361898,
  "alpha": 0.2,
  "probability_up": 0.5681797717819608,
  "signal": 0,
  "residual_q": 0.08200753939680949,
  "latest_data_date": "2026-05-29",
  "backtest_cache_version": 4,
  "backtest_scope": "all_post_training_directional_probability",
  "backtest_train_window": 260,
  "probability_threshold": 0.6
}